{"cameraMode":{"drawMode":0,"name":"Shaded","section":"Shading Mode"},"sceneLighting":true,"audioPlay":false,"sceneViewState":{"m_AlwaysRefresh":false,"showFog":true,"showSkybox":true,"showFlares":true,"showImageEffects":true,"showParticleSystems":true,"showVisualEffectGraphs":true,"m_FxEnabled":true},"in2DMode":false,"pivot":{"x":-0.3963557481765747,"y":1.5565961599349976,"z":-2.1604690551757814},"rotation":{"x":0.009309115819633007,"y":-0.006004694849252701,"z":0.00005620783122139983,"w":0.9999392032623291},"size":7.081672191619873,"orthographic":false}